{"AliveCell":{"r":0.6980392336845398,"g":0.8352941274642944,"b":0.8196078538894653,"a":0.0},"DeadCell":{"r":0.0313725508749485,"g":0.0,"b":0.12156862765550614,"a":0.0},"Grid":{"r":0.2666666805744171,"g":0.3019607961177826,"b":0.5176470875740051,"a":0.0}}